,HomeTeam,AwayTeam,HAS,HAC,AAS,AAC,HAtS,AAtS,Predicted,Predicted Winner,Date_x,Date_y
0,Burnley,Man City,0.21052631578947367,0.8421052631578947,0.9583333333333335,0.0,0.0,0.8070175438596492,1,Man City,11/08/2023 20:00,11/08/2023 20:00
1,Arsenal,Nottingham Forest,0.840909090909091,0.5555555555555556,0.0,1.0,0.840909090909091,0.0,-1,Arsenal,12/08/2023 13:00,12/08/2023 13:00
2,Bournemouth,West Ham,0.09090909090909094,0.6666666666666666,0.20833333333333331,0.5357142857142858,0.048701298701298724,0.13888888888888887,-1,Bournemouth,12/08/2023 15:00,12/08/2023 15:00
3,Brighton,Luton,0.47727272727272735,0.40740740740740733,0.3157894736842105,0.7368421052631579,0.3516746411483254,0.12865497076023388,-1,Brighton,12/08/2023 15:00,12/08/2023 15:00
4,Everton,Fulham,0.0,0.6296296296296297,0.5416666666666667,0.2857142857142858,0.0,0.34104938271604945,1,Fulham,12/08/2023 15:00,12/08/2023 15:00
5,Sheffield Utd,Crystal Palace,0.21052631578947367,0.7894736842105263,0.3333333333333333,0.3571428571428572,0.07518796992481204,0.2631578947368421,1,Crystal Palace,12/08/2023 15:00,12/08/2023 15:00
6,Newcastle,Aston Villa,0.45454545454545453,0.14814814814814814,0.2916666666666667,0.3214285714285716,0.14610389610389618,0.043209876543209874,-1,Newcastle,12/08/2023 17:30,12/08/2023 17:30
7,Brentford,Spurs,0.4318181818181817,0.2962962962962963,0.9166666666666667,0.7857142857142858,0.33928571428571425,0.2716049382716049,-1,Brentford,13/08/2023 14:00,13/08/2023 14:00
8,Chelsea,Liverpool,0.09090909090909094,0.33333333333333326,0.75,0.5000000000000002,0.04545454545454549,0.24999999999999994,-1,Chelsea,13/08/2023 16:30,13/08/2023 16:30
9,Man Utd,Wolves,0.45454545454545453,0.0,0.041666666666666685,0.7857142857142858,0.35714285714285715,0.0,-1,Man Utd,14/08/2023 20:00,14/08/2023 20:00
10,Nottingham Forest,Sheffield Utd,0.24999999999999994,0.5185185185185185,0.15789473684210525,0.7368421052631579,0.18421052631578944,0.08187134502923976,-1,Nottingham Forest,18/08/2023 19:45,18/08/2023 19:45
11,Fulham,Brentford,0.340909090909091,0.7037037037037036,0.5,0.4285714285714288,0.14610389610389624,0.3518518518518518,1,Brentford,19/08/2023 15:00,19/08/2023 15:00
12,Liverpool,Bournemouth,0.6818181818181819,0.2592592592592593,0.25000000000000006,0.9642857142857144,0.6574675324675326,0.06481481481481484,-1,Liverpool,19/08/2023 15:00,19/08/2023 15:00
13,Wolves,Brighton,0.06818181818181818,0.37037037037037035,1.0,0.5714285714285714,0.03896103896103895,0.37037037037037035,1,Brighton,19/08/2023 15:00,19/08/2023 15:00
14,Spurs,Man Utd,0.47727272727272735,0.5555555555555556,0.4583333333333333,0.6071428571428572,0.28977272727272735,0.25462962962962965,-1,Spurs,19/08/2023 17:30,19/08/2023 17:30
15,Man City,Newcastle,1.0,0.2592592592592593,0.875,0.1071428571428572,0.1071428571428572,0.2268518518518519,-1,Man City,19/08/2023 20:00,19/08/2023 20:00
16,Aston Villa,Everton,0.3863636363636364,0.40740740740740733,0.2916666666666667,0.5000000000000002,0.1931818181818183,0.11882716049382715,-1,Aston Villa,20/08/2023 14:00,20/08/2023 14:00
17,West Ham,Chelsea,0.22727272727272724,0.5185185185185185,0.2916666666666667,0.4285714285714288,0.09740259740259745,0.15123456790123457,-1,West Ham,20/08/2023 16:30,20/08/2023 16:30
18,Crystal Palace,Arsenal,0.11363636363636365,0.4814814814814815,1.0,0.07142857142857151,0.008116883116883127,0.4814814814814815,1,Arsenal,21/08/2023 20:00,21/08/2023 20:00
19,Luton,Burnley,0.15789473684210525,0.3157894736842105,0.21052631578947367,0.47368421052631576,0.07479224376731301,0.06648199445983378,-1,Luton,03/10/2023 19:30,03/10/2023 19:30
20,Chelsea,Luton,0.09090909090909094,0.33333333333333326,0.3157894736842105,0.7368421052631579,0.06698564593301437,0.10526315789473681,-1,Chelsea,25/08/2023 20:00,25/08/2023 20:00
21,Bournemouth,Spurs,0.09090909090909094,0.6666666666666666,0.9166666666666667,0.7857142857142858,0.07142857142857147,0.6111111111111112,1,Spurs,26/08/2023 12:30,26/08/2023 12:30
22,Arsenal,Fulham,0.840909090909091,0.5555555555555556,0.5416666666666667,0.2857142857142858,0.24025974025974037,0.300925925925926,-1,Arsenal,26/08/2023 15:00,26/08/2023 15:00
23,Brentford,Crystal Palace,0.4318181818181817,0.2962962962962963,0.3333333333333333,0.3571428571428572,0.1542207792207792,0.09876543209876543,-1,Brentford,26/08/2023 15:00,26/08/2023 15:00
24,Everton,Wolves,0.0,0.6296296296296297,0.041666666666666685,0.7857142857142858,0.0,0.02623456790123458,-1,Everton,26/08/2023 15:00,26/08/2023 15:00
25,Man Utd,Nottingham Forest,0.45454545454545453,0.0,0.0,1.0,0.45454545454545453,0.0,-1,Man Utd,26/08/2023 15:00,26/08/2023 15:00
26,Brighton,West Ham,0.47727272727272735,0.40740740740740733,0.20833333333333331,0.5357142857142858,0.2556818181818183,0.08487654320987652,-1,Brighton,26/08/2023 17:30,26/08/2023 17:30
27,Burnley,Aston Villa,0.21052631578947367,0.8421052631578947,0.2916666666666667,0.3214285714285716,0.06766917293233086,0.2456140350877193,1,Aston Villa,27/08/2023 14:00,27/08/2023 14:00
28,Sheffield Utd,Man City,0.21052631578947367,0.7894736842105263,0.9583333333333335,0.0,0.0,0.7565789473684211,1,Man City,27/08/2023 14:00,27/08/2023 14:00
29,Newcastle,Liverpool,0.45454545454545453,0.14814814814814814,0.75,0.5000000000000002,0.22727272727272738,0.1111111111111111,-1,Newcastle,27/08/2023 16:30,27/08/2023 16:30
30,Luton,West Ham,0.15789473684210525,0.3157894736842105,0.20833333333333331,0.5357142857142858,0.08458646616541354,0.06578947368421052,-1,Luton,01/09/2023 20:00,01/09/2023 20:00
31,Sheffield Utd,Everton,0.21052631578947367,0.7894736842105263,0.2916666666666667,0.5000000000000002,0.10526315789473688,0.23026315789473686,1,Everton,02/09/2023 12:30,02/09/2023 12:30
32,Brentford,Bournemouth,0.4318181818181817,0.2962962962962963,0.25000000000000006,0.9642857142857144,0.4163961038961039,0.07407407407407408,-1,Brentford,02/09/2023 15:00,02/09/2023 15:00
33,Burnley,Spurs,0.21052631578947367,0.8421052631578947,0.9166666666666667,0.7857142857142858,0.16541353383458648,0.7719298245614036,1,Spurs,02/09/2023 15:00,02/09/2023 15:00
34,Chelsea,Nottingham Forest,0.09090909090909094,0.33333333333333326,0.0,1.0,0.09090909090909094,0.0,-1,Chelsea,02/09/2023 15:00,02/09/2023 15:00
35,Man City,Fulham,1.0,0.2592592592592593,0.5416666666666667,0.2857142857142858,0.2857142857142858,0.14043209876543214,-1,Man City,02/09/2023 15:00,02/09/2023 15:00
36,Brighton,Newcastle,0.47727272727272735,0.40740740740740733,0.875,0.1071428571428572,0.051136363636363674,0.3564814814814814,1,Newcastle,02/09/2023 17:30,02/09/2023 17:30
37,Crystal Palace,Wolves,0.11363636363636365,0.4814814814814815,0.041666666666666685,0.7857142857142858,0.0892857142857143,0.020061728395061738,-1,Crystal Palace,03/09/2023 14:00,03/09/2023 14:00
38,Liverpool,Aston Villa,0.6818181818181819,0.2592592592592593,0.2916666666666667,0.3214285714285716,0.2191558441558443,0.0756172839506173,-1,Liverpool,03/09/2023 14:00,03/09/2023 14:00
39,Arsenal,Man Utd,0.840909090909091,0.5555555555555556,0.4583333333333333,0.6071428571428572,0.5105519480519481,0.25462962962962965,-1,Arsenal,03/09/2023 16:30,03/09/2023 16:30
40,Wolves,Liverpool,0.06818181818181818,0.37037037037037035,0.75,0.5000000000000002,0.0340909090909091,0.2777777777777778,1,Liverpool,16/09/2023 12:30,16/09/2023 12:30
41,Aston Villa,Crystal Palace,0.3863636363636364,0.40740740740740733,0.3333333333333333,0.3571428571428572,0.13798701298701302,0.13580246913580243,-1,Aston Villa,16/09/2023 15:00,16/09/2023 15:00
42,Fulham,Luton,0.340909090909091,0.7037037037037036,0.3157894736842105,0.7368421052631579,0.25119617224880386,0.22222222222222218,-1,Fulham,16/09/2023 15:00,16/09/2023 15:00
43,Man Utd,Brighton,0.45454545454545453,0.0,1.0,0.5714285714285714,0.2597402597402597,0.0,-1,Man Utd,16/09/2023 15:00,16/09/2023 15:00
44,Spurs,Sheffield Utd,0.47727272727272735,0.5555555555555556,0.15789473684210525,0.7368421052631579,0.3516746411483254,0.08771929824561403,-1,Spurs,16/09/2023 15:00,16/09/2023 15:00
45,West Ham,Man City,0.22727272727272724,0.5185185185185185,0.9583333333333335,0.0,0.0,0.4969135802469136,1,Man City,16/09/2023 15:00,16/09/2023 15:00
46,Newcastle,Brentford,0.45454545454545453,0.14814814814814814,0.5,0.4285714285714288,0.19480519480519493,0.07407407407407407,-1,Newcastle,16/09/2023 17:30,16/09/2023 17:30
47,Bournemouth,Chelsea,0.09090909090909094,0.6666666666666666,0.2916666666666667,0.4285714285714288,0.038961038961038995,0.19444444444444445,1,Chelsea,17/09/2023 14:00,17/09/2023 14:00
48,Everton,Arsenal,0.0,0.6296296296296297,1.0,0.07142857142857151,0.0,0.6296296296296297,1,Arsenal,17/09/2023 16:30,17/09/2023 16:30
49,Nottingham Forest,Burnley,0.24999999999999994,0.5185185185185185,0.21052631578947367,0.47368421052631576,0.11842105263157891,0.10916179337231968,-1,Nottingham Forest,18/09/2023 19:45,18/09/2023 19:45
50,Crystal Palace,Fulham,0.11363636363636365,0.4814814814814815,0.5416666666666667,0.2857142857142858,0.03246753246753248,0.2608024691358025,1,Fulham,23/09/2023 15:00,23/09/2023 15:00
51,Luton,Wolves,0.15789473684210525,0.3157894736842105,0.041666666666666685,0.7857142857142858,0.12406015037593986,0.01315789473684211,-1,Luton,23/09/2023 15:00,23/09/2023 15:00
52,Man City,Nottingham Forest,1.0,0.2592592592592593,0.0,1.0,1.0,0.0,-1,Man City,23/09/2023 15:00,23/09/2023 15:00
53,Brentford,Everton,0.4318181818181817,0.2962962962962963,0.2916666666666667,0.5000000000000002,0.21590909090909094,0.08641975308641975,-1,Brentford,23/09/2023 17:30,23/09/2023 17:30
54,Burnley,Man Utd,0.21052631578947367,0.8421052631578947,0.4583333333333333,0.6071428571428572,0.12781954887218044,0.38596491228070173,1,Man Utd,23/09/2023 20:00,23/09/2023 20:00
55,Arsenal,Spurs,0.840909090909091,0.5555555555555556,0.9166666666666667,0.7857142857142858,0.6607142857142859,0.5092592592592593,-1,Arsenal,24/09/2023 14:00,24/09/2023 14:00
56,Brighton,Bournemouth,0.47727272727272735,0.40740740740740733,0.25000000000000006,0.9642857142857144,0.4602272727272729,0.10185185185185186,-1,Brighton,24/09/2023 14:00,24/09/2023 14:00
57,Chelsea,Aston Villa,0.09090909090909094,0.33333333333333326,0.2916666666666667,0.3214285714285716,0.029220779220779248,0.09722222222222221,-1,Chelsea,24/09/2023 14:00,24/09/2023 14:00
58,Liverpool,West Ham,0.6818181818181819,0.2592592592592593,0.20833333333333331,0.5357142857142858,0.36525974025974034,0.05401234567901235,-1,Liverpool,24/09/2023 14:00,24/09/2023 14:00
59,Sheffield Utd,Newcastle,0.21052631578947367,0.7894736842105263,0.875,0.1071428571428572,0.02255639097744362,0.6907894736842105,1,Newcastle,24/09/2023 16:30,24/09/2023 16:30
60,Aston Villa,Brighton,0.3863636363636364,0.40740740740740733,1.0,0.5714285714285714,0.2207792207792208,0.40740740740740733,-1,Aston Villa,30/09/2023 12:30,30/09/2023 12:30
61,Bournemouth,Arsenal,0.09090909090909094,0.6666666666666666,1.0,0.07142857142857151,0.006493506493506503,0.6666666666666666,1,Arsenal,30/09/2023 15:00,30/09/2023 15:00
62,Everton,Luton,0.0,0.6296296296296297,0.3157894736842105,0.7368421052631579,0.0,0.19883040935672514,-1,Everton,30/09/2023 15:00,30/09/2023 15:00
63,Man Utd,Crystal Palace,0.45454545454545453,0.0,0.3333333333333333,0.3571428571428572,0.16233766233766236,0.0,-1,Man Utd,30/09/2023 15:00,30/09/2023 15:00
64,Newcastle,Burnley,0.45454545454545453,0.14814814814814814,0.21052631578947367,0.47368421052631576,0.21531100478468898,0.031189083820662766,-1,Newcastle,30/09/2023 15:00,30/09/2023 15:00
65,West Ham,Sheffield Utd,0.22727272727272724,0.5185185185185185,0.15789473684210525,0.7368421052631579,0.16746411483253584,0.08187134502923976,-1,West Ham,30/09/2023 15:00,30/09/2023 15:00
66,Wolves,Man City,0.06818181818181818,0.37037037037037035,0.9583333333333335,0.0,0.0,0.3549382716049383,1,Man City,30/09/2023 15:00,30/09/2023 15:00
67,Spurs,Liverpool,0.47727272727272735,0.5555555555555556,0.75,0.5000000000000002,0.23863636363636379,0.4166666666666667,-1,Spurs,30/09/2023 17:30,30/09/2023 17:30
68,Nottingham Forest,Brentford,0.24999999999999994,0.5185185185185185,0.5,0.4285714285714288,0.10714285714285718,0.25925925925925924,-1,Nottingham Forest,01/10/2023 14:00,01/10/2023 14:00
69,Fulham,Chelsea,0.340909090909091,0.7037037037037036,0.2916666666666667,0.4285714285714288,0.14610389610389624,0.2052469135802469,-1,Fulham,02/10/2023 20:00,02/10/2023 20:00
70,Luton,Spurs,0.15789473684210525,0.3157894736842105,0.9166666666666667,0.7857142857142858,0.12406015037593986,0.2894736842105263,-1,Luton,07/10/2023 12:30,07/10/2023 12:30
71,Burnley,Chelsea,0.21052631578947367,0.8421052631578947,0.2916666666666667,0.4285714285714288,0.09022556390977449,0.2456140350877193,1,Chelsea,07/10/2023 15:00,07/10/2023 15:00
72,Everton,Bournemouth,0.0,0.6296296296296297,0.25000000000000006,0.9642857142857144,0.0,0.15740740740740744,-1,Everton,07/10/2023 15:00,07/10/2023 15:00
73,Fulham,Sheffield Utd,0.340909090909091,0.7037037037037036,0.15789473684210525,0.7368421052631579,0.25119617224880386,0.11111111111111109,-1,Fulham,07/10/2023 15:00,07/10/2023 15:00
74,Man Utd,Brentford,0.45454545454545453,0.0,0.5,0.4285714285714288,0.19480519480519493,0.0,-1,Man Utd,07/10/2023 15:00,07/10/2023 15:00
75,Crystal Palace,Nottingham Forest,0.11363636363636365,0.4814814814814815,0.0,1.0,0.11363636363636365,0.0,-1,Crystal Palace,07/10/2023 17:30,07/10/2023 17:30
76,Brighton,Liverpool,0.47727272727272735,0.40740740740740733,0.75,0.5000000000000002,0.23863636363636379,0.30555555555555547,-1,Brighton,08/10/2023 14:00,08/10/2023 14:00
77,West Ham,Newcastle,0.22727272727272724,0.5185185185185185,0.875,0.1071428571428572,0.024350649350649362,0.45370370370370366,1,Newcastle,08/10/2023 14:00,08/10/2023 14:00
78,Wolves,Aston Villa,0.06818181818181818,0.37037037037037035,0.2916666666666667,0.3214285714285716,0.021915584415584426,0.10802469135802469,-1,Wolves,08/10/2023 14:00,08/10/2023 14:00
79,Arsenal,Man City,0.840909090909091,0.5555555555555556,0.9583333333333335,0.0,0.0,0.5324074074074076,1,Man City,08/10/2023 16:30,08/10/2023 16:30
80,Liverpool,Everton,0.6818181818181819,0.2592592592592593,0.2916666666666667,0.5000000000000002,0.3409090909090911,0.0756172839506173,-1,Liverpool,21/10/2023 12:30,21/10/2023 12:30
81,Bournemouth,Wolves,0.09090909090909094,0.6666666666666666,0.041666666666666685,0.7857142857142858,0.07142857142857147,0.02777777777777779,-1,Bournemouth,21/10/2023 15:00,21/10/2023 15:00
82,Brentford,Burnley,0.4318181818181817,0.2962962962962963,0.21052631578947367,0.47368421052631576,0.20454545454545447,0.06237816764132553,-1,Brentford,21/10/2023 15:00,21/10/2023 15:00
83,Man City,Brighton,1.0,0.2592592592592593,1.0,0.5714285714285714,0.5714285714285714,0.2592592592592593,-1,Man City,21/10/2023 15:00,21/10/2023 15:00
84,Newcastle,Crystal Palace,0.45454545454545453,0.14814814814814814,0.3333333333333333,0.3571428571428572,0.16233766233766236,0.04938271604938271,-1,Newcastle,21/10/2023 15:00,21/10/2023 15:00
85,Nottingham Forest,Luton,0.24999999999999994,0.5185185185185185,0.3157894736842105,0.7368421052631579,0.18421052631578944,0.16374269005847952,-1,Nottingham Forest,21/10/2023 15:00,21/10/2023 15:00
86,Chelsea,Arsenal,0.09090909090909094,0.33333333333333326,1.0,0.07142857142857151,0.006493506493506503,0.33333333333333326,1,Arsenal,21/10/2023 17:30,21/10/2023 17:30
87,Sheffield Utd,Man Utd,0.21052631578947367,0.7894736842105263,0.4583333333333333,0.6071428571428572,0.12781954887218044,0.3618421052631579,1,Man Utd,21/10/2023 20:00,21/10/2023 20:00
88,Aston Villa,West Ham,0.3863636363636364,0.40740740740740733,0.20833333333333331,0.5357142857142858,0.20698051948051954,0.08487654320987652,-1,Aston Villa,22/10/2023 16:30,22/10/2023 16:30
89,Spurs,Fulham,0.47727272727272735,0.5555555555555556,0.5416666666666667,0.2857142857142858,0.13636363636363644,0.300925925925926,-1,Spurs,23/10/2023 20:00,23/10/2023 20:00
90,Crystal Palace,Spurs,0.11363636363636365,0.4814814814814815,0.9166666666666667,0.7857142857142858,0.0892857142857143,0.4413580246913581,1,Spurs,27/10/2023 20:00,27/10/2023 20:00
91,Chelsea,Brentford,0.09090909090909094,0.33333333333333326,0.5,0.4285714285714288,0.038961038961038995,0.16666666666666663,-1,Chelsea,28/10/2023 12:30,28/10/2023 12:30
92,Arsenal,Sheffield Utd,0.840909090909091,0.5555555555555556,0.15789473684210525,0.7368421052631579,0.6196172248803828,0.08771929824561403,-1,Arsenal,28/10/2023 15:00,28/10/2023 15:00
93,Bournemouth,Burnley,0.09090909090909094,0.6666666666666666,0.21052631578947367,0.47368421052631576,0.04306220095693781,0.14035087719298245,1,Burnley,28/10/2023 15:00,28/10/2023 15:00
94,Wolves,Newcastle,0.06818181818181818,0.37037037037037035,0.875,0.1071428571428572,0.007305194805194809,0.32407407407407407,1,Newcastle,28/10/2023 17:30,28/10/2023 17:30
95,West Ham,Everton,0.22727272727272724,0.5185185185185185,0.2916666666666667,0.5000000000000002,0.11363636363636367,0.15123456790123457,-1,West Ham,29/10/2023 13:00,29/10/2023 13:00
96,Aston Villa,Luton,0.3863636363636364,0.40740740740740733,0.3157894736842105,0.7368421052631579,0.28468899521531105,0.12865497076023388,-1,Aston Villa,29/10/2023 14:00,29/10/2023 14:00
97,Brighton,Fulham,0.47727272727272735,0.40740740740740733,0.5416666666666667,0.2857142857142858,0.13636363636363644,0.220679012345679,-1,Brighton,29/10/2023 14:00,29/10/2023 14:00
98,Liverpool,Nottingham Forest,0.6818181818181819,0.2592592592592593,0.0,1.0,0.6818181818181819,0.0,-1,Liverpool,29/10/2023 14:00,29/10/2023 14:00
99,Man Utd,Man City,0.45454545454545453,0.0,0.9583333333333335,0.0,0.0,0.0,-1,Man Utd,29/10/2023 15:30,29/10/2023 15:30
100,Fulham,Man Utd,0.340909090909091,0.7037037037037036,0.4583333333333333,0.6071428571428572,0.20698051948051954,0.3225308641975308,-1,Fulham,04/11/2023 12:30,04/11/2023 12:30
101,Brentford,West Ham,0.4318181818181817,0.2962962962962963,0.20833333333333331,0.5357142857142858,0.2313311688311688,0.061728395061728385,-1,Brentford,04/11/2023 15:00,04/11/2023 15:00
102,Burnley,Crystal Palace,0.21052631578947367,0.8421052631578947,0.3333333333333333,0.3571428571428572,0.07518796992481204,0.2807017543859649,1,Crystal Palace,04/11/2023 15:00,04/11/2023 15:00
103,Everton,Brighton,0.0,0.6296296296296297,1.0,0.5714285714285714,0.0,0.6296296296296297,1,Brighton,04/11/2023 15:00,04/11/2023 15:00
104,Man City,Bournemouth,1.0,0.2592592592592593,0.25000000000000006,0.9642857142857144,0.9642857142857144,0.06481481481481484,-1,Man City,04/11/2023 15:00,04/11/2023 15:00
105,Sheffield Utd,Wolves,0.21052631578947367,0.7894736842105263,0.041666666666666685,0.7857142857142858,0.16541353383458648,0.032894736842105275,-1,Sheffield Utd,04/11/2023 15:00,04/11/2023 15:00
106,Newcastle,Arsenal,0.45454545454545453,0.14814814814814814,1.0,0.07142857142857151,0.0324675324675325,0.14814814814814814,-1,Newcastle,04/11/2023 17:30,04/11/2023 17:30
107,Nottingham Forest,Aston Villa,0.24999999999999994,0.5185185185185185,0.2916666666666667,0.3214285714285716,0.08035714285714289,0.15123456790123457,-1,Nottingham Forest,05/11/2023 14:00,05/11/2023 14:00
108,Luton,Liverpool,0.15789473684210525,0.3157894736842105,0.75,0.5000000000000002,0.07894736842105267,0.23684210526315788,-1,Luton,05/11/2023 16:30,05/11/2023 16:30
109,Spurs,Chelsea,0.47727272727272735,0.5555555555555556,0.2916666666666667,0.4285714285714288,0.2045454545454547,0.16203703703703706,-1,Spurs,06/11/2023 20:00,06/11/2023 20:00
110,Wolves,Spurs,0.06818181818181818,0.37037037037037035,0.9166666666666667,0.7857142857142858,0.053571428571428575,0.3395061728395062,-1,Wolves,11/11/2023 12:30,11/11/2023 12:30
111,Arsenal,Burnley,0.840909090909091,0.5555555555555556,0.21052631578947367,0.47368421052631576,0.3983253588516747,0.11695906432748537,-1,Arsenal,11/11/2023 15:00,11/11/2023 15:00
112,Crystal Palace,Everton,0.11363636363636365,0.4814814814814815,0.2916666666666667,0.5000000000000002,0.05681818181818185,0.1404320987654321,-1,Crystal Palace,11/11/2023 15:00,11/11/2023 15:00
113,Man Utd,Luton,0.45454545454545453,0.0,0.3157894736842105,0.7368421052631579,0.33492822966507174,0.0,-1,Man Utd,11/11/2023 15:00,11/11/2023 15:00
114,Bournemouth,Newcastle,0.09090909090909094,0.6666666666666666,0.875,0.1071428571428572,0.009740259740259749,0.5833333333333333,1,Newcastle,11/11/2023 17:30,11/11/2023 17:30
115,Aston Villa,Fulham,0.3863636363636364,0.40740740740740733,0.5416666666666667,0.2857142857142858,0.11038961038961044,0.220679012345679,-1,Aston Villa,12/11/2023 14:00,12/11/2023 14:00
116,Brighton,Sheffield Utd,0.47727272727272735,0.40740740740740733,0.15789473684210525,0.7368421052631579,0.3516746411483254,0.06432748538011694,-1,Brighton,12/11/2023 14:00,12/11/2023 14:00
117,Liverpool,Brentford,0.6818181818181819,0.2592592592592593,0.5,0.4285714285714288,0.2922077922077924,0.12962962962962965,-1,Liverpool,12/11/2023 14:00,12/11/2023 14:00
118,West Ham,Nottingham Forest,0.22727272727272724,0.5185185185185185,0.0,1.0,0.22727272727272724,0.0,-1,West Ham,12/11/2023 14:00,12/11/2023 14:00
119,Chelsea,Man City,0.09090909090909094,0.33333333333333326,0.9583333333333335,0.0,0.0,0.3194444444444444,1,Man City,12/11/2023 16:30,12/11/2023 16:30
120,Man City,Liverpool,1.0,0.2592592592592593,0.75,0.5000000000000002,0.5000000000000002,0.19444444444444448,-1,Man City,25/11/2023 12:30,25/11/2023 12:30
121,Burnley,West Ham,0.21052631578947367,0.8421052631578947,0.20833333333333331,0.5357142857142858,0.11278195488721805,0.17543859649122803,1,West Ham,25/11/2023 15:00,25/11/2023 15:00
122,Luton,Crystal Palace,0.15789473684210525,0.3157894736842105,0.3333333333333333,0.3571428571428572,0.056390977443609026,0.10526315789473684,-1,Luton,25/11/2023 15:00,25/11/2023 15:00
123,Newcastle,Chelsea,0.45454545454545453,0.14814814814814814,0.2916666666666667,0.4285714285714288,0.19480519480519493,0.043209876543209874,-1,Newcastle,25/11/2023 15:00,25/11/2023 15:00
124,Nottingham Forest,Brighton,0.24999999999999994,0.5185185185185185,1.0,0.5714285714285714,0.14285714285714282,0.5185185185185185,1,Brighton,25/11/2023 15:00,25/11/2023 15:00
125,Sheffield Utd,Bournemouth,0.21052631578947367,0.7894736842105263,0.25000000000000006,0.9642857142857144,0.2030075187969925,0.19736842105263164,-1,Sheffield Utd,25/11/2023 15:00,25/11/2023 15:00
126,Brentford,Arsenal,0.4318181818181817,0.2962962962962963,1.0,0.07142857142857151,0.030844155844155872,0.2962962962962963,1,Arsenal,25/11/2023 17:30,25/11/2023 17:30
127,Spurs,Aston Villa,0.47727272727272735,0.5555555555555556,0.2916666666666667,0.3214285714285716,0.15340909090909102,0.16203703703703706,-1,Spurs,26/11/2023 14:00,26/11/2023 14:00
128,Everton,Man Utd,0.0,0.6296296296296297,0.4583333333333333,0.6071428571428572,0.0,0.28858024691358025,1,Man Utd,26/11/2023 16:30,26/11/2023 16:30
129,Fulham,Wolves,0.340909090909091,0.7037037037037036,0.041666666666666685,0.7857142857142858,0.26785714285714296,0.029320987654320996,-1,Fulham,27/11/2023 20:00,27/11/2023 20:00
130,Arsenal,Wolves,0.840909090909091,0.5555555555555556,0.041666666666666685,0.7857142857142858,0.6607142857142859,0.02314814814814816,-1,Arsenal,02/12/2023 15:00,02/12/2023 15:00
131,Brentford,Luton,0.4318181818181817,0.2962962962962963,0.3157894736842105,0.7368421052631579,0.31818181818181807,0.0935672514619883,-1,Brentford,02/12/2023 15:00,02/12/2023 15:00
132,Burnley,Sheffield Utd,0.21052631578947367,0.8421052631578947,0.15789473684210525,0.7368421052631579,0.15512465373961218,0.13296398891966757,-1,Burnley,02/12/2023 15:00,02/12/2023 15:00
133,Nottingham Forest,Everton,0.24999999999999994,0.5185185185185185,0.2916666666666667,0.5000000000000002,0.12500000000000003,0.15123456790123457,-1,Nottingham Forest,02/12/2023 17:30,02/12/2023 17:30
134,Newcastle,Man Utd,0.45454545454545453,0.14814814814814814,0.4583333333333333,0.6071428571428572,0.275974025974026,0.06790123456790123,-1,Newcastle,02/12/2023 20:00,02/12/2023 20:00
135,Bournemouth,Aston Villa,0.09090909090909094,0.6666666666666666,0.2916666666666667,0.3214285714285716,0.029220779220779248,0.19444444444444445,1,Aston Villa,03/12/2023 14:00,03/12/2023 14:00
136,Chelsea,Brighton,0.09090909090909094,0.33333333333333326,1.0,0.5714285714285714,0.051948051948051965,0.33333333333333326,1,Brighton,03/12/2023 14:00,03/12/2023 14:00
137,Liverpool,Fulham,0.6818181818181819,0.2592592592592593,0.5416666666666667,0.2857142857142858,0.1948051948051949,0.14043209876543214,-1,Liverpool,03/12/2023 14:00,03/12/2023 14:00
138,West Ham,Crystal Palace,0.22727272727272724,0.5185185185185185,0.3333333333333333,0.3571428571428572,0.08116883116883117,0.1728395061728395,-1,West Ham,03/12/2023 14:00,03/12/2023 14:00
139,Man City,Spurs,1.0,0.2592592592592593,0.9166666666666667,0.7857142857142858,0.7857142857142858,0.23765432098765438,-1,Man City,03/12/2023 16:30,03/12/2023 16:30
140,Wolves,Burnley,0.06818181818181818,0.37037037037037035,0.21052631578947367,0.47368421052631576,0.032296650717703344,0.07797270955165692,-1,Wolves,05/12/2023 19:30,05/12/2023 19:30
141,Luton,Arsenal,0.15789473684210525,0.3157894736842105,1.0,0.07142857142857151,0.011278195488721816,0.3157894736842105,1,Arsenal,05/12/2023 20:15,05/12/2023 20:15
142,Brighton,Brentford,0.47727272727272735,0.40740740740740733,0.5,0.4285714285714288,0.2045454545454547,0.20370370370370366,-1,Brighton,06/12/2023 19:30,06/12/2023 19:30
143,Fulham,Nottingham Forest,0.340909090909091,0.7037037037037036,0.0,1.0,0.340909090909091,0.0,-1,Fulham,06/12/2023 19:30,06/12/2023 19:30
144,Sheffield Utd,Liverpool,0.21052631578947367,0.7894736842105263,0.75,0.5000000000000002,0.10526315789473688,0.5921052631578947,1,Liverpool,06/12/2023 19:30,06/12/2023 19:30
145,Crystal Palace,Bournemouth,0.11363636363636365,0.4814814814814815,0.25000000000000006,0.9642857142857144,0.10957792207792211,0.1203703703703704,-1,Crystal Palace,06/12/2023 19:30,06/12/2023 19:30
146,Aston Villa,Man City,0.3863636363636364,0.40740740740740733,0.9583333333333335,0.0,0.0,0.3904320987654321,1,Man City,06/12/2023 20:15,06/12/2023 20:15
147,Man Utd,Chelsea,0.45454545454545453,0.0,0.2916666666666667,0.4285714285714288,0.19480519480519493,0.0,-1,Man Utd,06/12/2023 20:15,06/12/2023 20:15
148,Everton,Newcastle,0.0,0.6296296296296297,0.875,0.1071428571428572,0.0,0.5509259259259259,1,Newcastle,07/12/2023 19:30,07/12/2023 19:30
149,Spurs,West Ham,0.47727272727272735,0.5555555555555556,0.20833333333333331,0.5357142857142858,0.2556818181818183,0.11574074074074074,-1,Spurs,07/12/2023 20:15,07/12/2023 20:15
150,Crystal Palace,Liverpool,0.11363636363636365,0.4814814814814815,0.75,0.5000000000000002,0.05681818181818185,0.36111111111111116,1,Liverpool,09/12/2023 12:30,09/12/2023 12:30
151,Brighton,Burnley,0.47727272727272735,0.40740740740740733,0.21052631578947367,0.47368421052631576,0.22607655502392346,0.0857699805068226,-1,Brighton,09/12/2023 15:00,09/12/2023 15:00
152,Man Utd,Bournemouth,0.45454545454545453,0.0,0.25000000000000006,0.9642857142857144,0.4383116883116884,0.0,-1,Man Utd,09/12/2023 15:00,09/12/2023 15:00
153,Sheffield Utd,Brentford,0.21052631578947367,0.7894736842105263,0.5,0.4285714285714288,0.09022556390977449,0.39473684210526316,1,Brentford,09/12/2023 15:00,09/12/2023 15:00
154,Wolves,Nottingham Forest,0.06818181818181818,0.37037037037037035,0.0,1.0,0.06818181818181818,0.0,-1,Wolves,09/12/2023 15:00,09/12/2023 15:00
155,Aston Villa,Arsenal,0.3863636363636364,0.40740740740740733,1.0,0.07142857142857151,0.02759740259740263,0.40740740740740733,1,Arsenal,09/12/2023 17:30,09/12/2023 17:30
156,Everton,Chelsea,0.0,0.6296296296296297,0.2916666666666667,0.4285714285714288,0.0,0.18364197530864199,1,Chelsea,10/12/2023 14:00,10/12/2023 14:00
157,Fulham,West Ham,0.340909090909091,0.7037037037037036,0.20833333333333331,0.5357142857142858,0.1826298701298702,0.1466049382716049,-1,Fulham,10/12/2023 14:00,10/12/2023 14:00
158,Luton,Man City,0.15789473684210525,0.3157894736842105,0.9583333333333335,0.0,0.0,0.3026315789473685,1,Man City,10/12/2023 14:00,10/12/2023 14:00
159,Spurs,Newcastle,0.47727272727272735,0.5555555555555556,0.875,0.1071428571428572,0.051136363636363674,0.48611111111111116,1,Newcastle,10/12/2023 16:30,10/12/2023 16:30
160,Nottingham Forest,Spurs,0.24999999999999994,0.5185185185185185,0.9166666666666667,0.7857142857142858,0.1964285714285714,0.47530864197530864,-1,Nottingham Forest,15/12/2023 20:00,15/12/2023 20:00
161,Bournemouth,Luton,0.09090909090909094,0.6666666666666666,0.3157894736842105,0.7368421052631579,0.06698564593301437,0.21052631578947367,-1,Bournemouth,16/12/2023 15:00,16/12/2023 15:00
162,Chelsea,Sheffield Utd,0.09090909090909094,0.33333333333333326,0.15789473684210525,0.7368421052631579,0.06698564593301437,0.052631578947368404,-1,Chelsea,16/12/2023 15:00,16/12/2023 15:00
163,Man City,Crystal Palace,1.0,0.2592592592592593,0.3333333333333333,0.3571428571428572,0.3571428571428572,0.08641975308641976,-1,Man City,16/12/2023 15:00,16/12/2023 15:00
164,Newcastle,Fulham,0.45454545454545453,0.14814814814814814,0.5416666666666667,0.2857142857142858,0.1298701298701299,0.08024691358024692,-1,Newcastle,16/12/2023 15:00,16/12/2023 15:00
165,Burnley,Everton,0.21052631578947367,0.8421052631578947,0.2916666666666667,0.5000000000000002,0.10526315789473688,0.2456140350877193,1,Everton,16/12/2023 17:30,16/12/2023 17:30
166,Arsenal,Brighton,0.840909090909091,0.5555555555555556,1.0,0.5714285714285714,0.48051948051948057,0.5555555555555556,-1,Arsenal,17/12/2023 14:00,17/12/2023 14:00
167,Brentford,Aston Villa,0.4318181818181817,0.2962962962962963,0.2916666666666667,0.3214285714285716,0.13879870129870134,0.08641975308641975,-1,Brentford,17/12/2023 14:00,17/12/2023 14:00
168,West Ham,Wolves,0.22727272727272724,0.5185185185185185,0.041666666666666685,0.7857142857142858,0.17857142857142858,0.021604938271604947,-1,West Ham,17/12/2023 14:00,17/12/2023 14:00
169,Liverpool,Man Utd,0.6818181818181819,0.2592592592592593,0.4583333333333333,0.6071428571428572,0.41396103896103903,0.11882716049382717,-1,Liverpool,17/12/2023 16:30,17/12/2023 16:30
170,Crystal Palace,Brighton,0.11363636363636365,0.4814814814814815,1.0,0.5714285714285714,0.06493506493506494,0.4814814814814815,1,Brighton,21/12/2023 20:00,21/12/2023 20:00
171,Aston Villa,Sheffield Utd,0.3863636363636364,0.40740740740740733,0.15789473684210525,0.7368421052631579,0.28468899521531105,0.06432748538011694,-1,Aston Villa,22/12/2023 20:00,22/12/2023 20:00
172,West Ham,Man Utd,0.22727272727272724,0.5185185185185185,0.4583333333333333,0.6071428571428572,0.137987012987013,0.2376543209876543,-1,West Ham,23/12/2023 12:30,23/12/2023 12:30
173,Fulham,Burnley,0.340909090909091,0.7037037037037036,0.21052631578947367,0.47368421052631576,0.16148325358851678,0.1481481481481481,-1,Fulham,23/12/2023 15:00,23/12/2023 15:00
174,Luton,Newcastle,0.15789473684210525,0.3157894736842105,0.875,0.1071428571428572,0.016917293233082716,0.2763157894736842,1,Newcastle,23/12/2023 15:00,23/12/2023 15:00
175,Man City,Brentford,1.0,0.2592592592592593,0.5,0.4285714285714288,0.4285714285714288,0.12962962962962965,-1,Man City,23/12/2023 15:00,23/12/2023 15:00
176,Nottingham Forest,Bournemouth,0.24999999999999994,0.5185185185185185,0.25000000000000006,0.9642857142857144,0.24107142857142855,0.12962962962962965,-1,Nottingham Forest,23/12/2023 15:00,23/12/2023 15:00
177,Spurs,Everton,0.47727272727272735,0.5555555555555556,0.2916666666666667,0.5000000000000002,0.23863636363636379,0.16203703703703706,-1,Spurs,23/12/2023 15:00,23/12/2023 15:00
178,Liverpool,Arsenal,0.6818181818181819,0.2592592592592593,1.0,0.07142857142857151,0.04870129870129876,0.2592592592592593,-1,Liverpool,23/12/2023 17:30,23/12/2023 17:30
179,Wolves,Chelsea,0.06818181818181818,0.37037037037037035,0.2916666666666667,0.4285714285714288,0.029220779220779237,0.10802469135802469,-1,Wolves,24/12/2023 13:00,24/12/2023 13:00
180,Newcastle,Nottingham Forest,0.45454545454545453,0.14814814814814814,0.0,1.0,0.45454545454545453,0.0,-1,Newcastle,26/12/2023 12:30,26/12/2023 12:30
181,Bournemouth,Fulham,0.09090909090909094,0.6666666666666666,0.5416666666666667,0.2857142857142858,0.02597402597402599,0.36111111111111116,1,Fulham,26/12/2023 15:00,26/12/2023 15:00
182,Sheffield Utd,Luton,0.21052631578947367,0.7894736842105263,0.3157894736842105,0.7368421052631579,0.15512465373961218,0.2493074792243767,-1,Sheffield Utd,26/12/2023 15:00,26/12/2023 15:00
183,Burnley,Liverpool,0.21052631578947367,0.8421052631578947,0.75,0.5000000000000002,0.10526315789473688,0.631578947368421,1,Liverpool,26/12/2023 17:30,26/12/2023 17:30
184,Man Utd,Aston Villa,0.45454545454545453,0.0,0.2916666666666667,0.3214285714285716,0.14610389610389618,0.0,-1,Man Utd,26/12/2023 20:00,26/12/2023 20:00
185,Brentford,Wolves,0.4318181818181817,0.2962962962962963,0.041666666666666685,0.7857142857142858,0.33928571428571425,0.012345679012345684,-1,Brentford,27/12/2023 19:30,27/12/2023 19:30
186,Chelsea,Crystal Palace,0.09090909090909094,0.33333333333333326,0.3333333333333333,0.3571428571428572,0.032467532467532485,0.11111111111111108,-1,Chelsea,27/12/2023 19:30,27/12/2023 19:30
187,Everton,Man City,0.0,0.6296296296296297,0.9583333333333335,0.0,0.0,0.6033950617283952,1,Man City,27/12/2023 20:15,27/12/2023 20:15
188,Brighton,Spurs,0.47727272727272735,0.40740740740740733,0.9166666666666667,0.7857142857142858,0.3750000000000001,0.37345679012345673,-1,Brighton,28/12/2023 19:30,28/12/2023 19:30
189,Arsenal,West Ham,0.840909090909091,0.5555555555555556,0.20833333333333331,0.5357142857142858,0.45048701298701316,0.11574074074074074,-1,Arsenal,28/12/2023 20:15,28/12/2023 20:15
190,Luton,Chelsea,0.15789473684210525,0.3157894736842105,0.2916666666666667,0.4285714285714288,0.06766917293233086,0.09210526315789473,-1,Luton,30/12/2023 12:30,30/12/2023 12:30
191,Aston Villa,Burnley,0.3863636363636364,0.40740740740740733,0.21052631578947367,0.47368421052631576,0.18301435406698566,0.0857699805068226,-1,Aston Villa,30/12/2023 15:00,30/12/2023 15:00
192,Crystal Palace,Brentford,0.11363636363636365,0.4814814814814815,0.5,0.4285714285714288,0.04870129870129873,0.24074074074074076,1,Brentford,30/12/2023 15:00,30/12/2023 15:00
193,Man City,Sheffield Utd,1.0,0.2592592592592593,0.15789473684210525,0.7368421052631579,0.7368421052631579,0.04093567251461989,-1,Man City,30/12/2023 15:00,30/12/2023 15:00
194,Wolves,Everton,0.06818181818181818,0.37037037037037035,0.2916666666666667,0.5000000000000002,0.0340909090909091,0.10802469135802469,-1,Wolves,30/12/2023 15:00,30/12/2023 15:00
195,Nottingham Forest,Man Utd,0.24999999999999994,0.5185185185185185,0.4583333333333333,0.6071428571428572,0.15178571428571427,0.2376543209876543,-1,Nottingham Forest,30/12/2023 17:30,30/12/2023 17:30
196,Fulham,Arsenal,0.340909090909091,0.7037037037037036,1.0,0.07142857142857151,0.024350649350649383,0.7037037037037036,1,Arsenal,31/12/2023 14:00,31/12/2023 14:00
197,Spurs,Bournemouth,0.47727272727272735,0.5555555555555556,0.25000000000000006,0.9642857142857144,0.4602272727272729,0.13888888888888892,-1,Spurs,31/12/2023 14:00,31/12/2023 14:00
198,Liverpool,Newcastle,0.6818181818181819,0.2592592592592593,0.875,0.1071428571428572,0.0730519480519481,0.2268518518518519,-1,Liverpool,01/01/2024 20:00,01/01/2024 20:00
199,West Ham,Brighton,0.22727272727272724,0.5185185185185185,1.0,0.5714285714285714,0.12987012987012983,0.5185185185185185,1,Brighton,02/01/2024 19:30,02/01/2024 19:30
200,Chelsea,Fulham,0.09090909090909094,0.33333333333333326,0.5416666666666667,0.2857142857142858,0.02597402597402599,0.18055555555555555,1,Fulham,13/01/2024 12:30,13/01/2024 12:30
201,Newcastle,Man City,0.45454545454545453,0.14814814814814814,0.9583333333333335,0.0,0.0,0.14197530864197533,-1,Newcastle,13/01/2024 17:30,13/01/2024 17:30
202,Everton,Aston Villa,0.0,0.6296296296296297,0.2916666666666667,0.3214285714285716,0.0,0.18364197530864199,1,Aston Villa,14/01/2024 14:00,14/01/2024 14:00
203,Man Utd,Spurs,0.45454545454545453,0.0,0.9166666666666667,0.7857142857142858,0.35714285714285715,0.0,-1,Man Utd,14/01/2024 16:30,14/01/2024 16:30
204,Burnley,Luton,0.21052631578947367,0.8421052631578947,0.3157894736842105,0.7368421052631579,0.15512465373961218,0.26592797783933514,-1,Burnley,15/01/2024 19:45,15/01/2024 19:45
205,Arsenal,Crystal Palace,0.840909090909091,0.5555555555555556,0.3333333333333333,0.3571428571428572,0.30032467532467544,0.18518518518518517,-1,Arsenal,20/01/2024 12:30,20/01/2024 12:30
206,Brentford,Nottingham Forest,0.4318181818181817,0.2962962962962963,0.0,1.0,0.4318181818181817,0.0,-1,Brentford,20/01/2024 17:30,20/01/2024 17:30
207,Sheffield Utd,West Ham,0.21052631578947367,0.7894736842105263,0.20833333333333331,0.5357142857142858,0.11278195488721805,0.1644736842105263,-1,Sheffield Utd,21/01/2024 14:00,21/01/2024 14:00
208,Bournemouth,Liverpool,0.09090909090909094,0.6666666666666666,0.75,0.5000000000000002,0.04545454545454549,0.5,1,Liverpool,21/01/2024 16:30,21/01/2024 16:30
209,Brighton,Wolves,0.47727272727272735,0.40740740740740733,0.041666666666666685,0.7857142857142858,0.3750000000000001,0.016975308641975315,-1,Brighton,22/01/2024 19:45,22/01/2024 19:45
210,Aston Villa,Newcastle,0.3863636363636364,0.40740740740740733,0.875,0.1071428571428572,0.041396103896103924,0.3564814814814814,1,Newcastle,30/01/2024 19:45,30/01/2024 19:45
211,Fulham,Everton,0.340909090909091,0.7037037037037036,0.2916666666666667,0.5000000000000002,0.17045454545454558,0.2052469135802469,-1,Fulham,30/01/2024 19:45,30/01/2024 19:45
212,Luton,Brighton,0.15789473684210525,0.3157894736842105,1.0,0.5714285714285714,0.09022556390977443,0.3157894736842105,1,Brighton,30/01/2024 19:45,30/01/2024 19:45
213,Nottingham Forest,Arsenal,0.24999999999999994,0.5185185185185185,1.0,0.07142857142857151,0.017857142857142873,0.5185185185185185,1,Arsenal,30/01/2024 19:45,30/01/2024 19:45
214,Spurs,Brentford,0.47727272727272735,0.5555555555555556,0.5,0.4285714285714288,0.2045454545454547,0.2777777777777778,-1,Spurs,30/01/2024 19:45,30/01/2024 19:45
215,West Ham,Bournemouth,0.22727272727272724,0.5185185185185185,0.25000000000000006,0.9642857142857144,0.21915584415584416,0.12962962962962965,-1,West Ham,30/01/2024 19:45,30/01/2024 19:45
216,Wolves,Man Utd,0.06818181818181818,0.37037037037037035,0.4583333333333333,0.6071428571428572,0.041396103896103896,0.16975308641975306,-1,Wolves,30/01/2024 19:45,30/01/2024 19:45
217,Crystal Palace,Sheffield Utd,0.11363636363636365,0.4814814814814815,0.15789473684210525,0.7368421052631579,0.08373205741626795,0.07602339181286549,-1,Crystal Palace,30/01/2024 20:00,30/01/2024 20:00
218,Liverpool,Chelsea,0.6818181818181819,0.2592592592592593,0.2916666666666667,0.4285714285714288,0.2922077922077924,0.0756172839506173,-1,Liverpool,31/01/2024 20:00,31/01/2024 20:00
219,Man City,Burnley,1.0,0.2592592592592593,0.21052631578947367,0.47368421052631576,0.47368421052631576,0.05458089668615985,-1,Man City,31/01/2024 20:00,31/01/2024 20:00
220,Arsenal,Liverpool,0.840909090909091,0.5555555555555556,0.75,0.5000000000000002,0.4204545454545457,0.4166666666666667,-1,Arsenal,03/02/2024 15:00,03/02/2024 15:00
221,Bournemouth,Nottingham Forest,0.09090909090909094,0.6666666666666666,0.0,1.0,0.09090909090909094,0.0,-1,Bournemouth,03/02/2024 15:00,03/02/2024 15:00
222,Brentford,Man City,0.4318181818181817,0.2962962962962963,0.9583333333333335,0.0,0.0,0.28395061728395066,1,Man City,03/02/2024 15:00,03/02/2024 15:00
223,Brighton,Crystal Palace,0.47727272727272735,0.40740740740740733,0.3333333333333333,0.3571428571428572,0.17045454545454553,0.13580246913580243,-1,Brighton,03/02/2024 15:00,03/02/2024 15:00
224,Burnley,Fulham,0.21052631578947367,0.8421052631578947,0.5416666666666667,0.2857142857142858,0.06015037593984964,0.456140350877193,1,Fulham,03/02/2024 15:00,03/02/2024 15:00
225,Chelsea,Wolves,0.09090909090909094,0.33333333333333326,0.041666666666666685,0.7857142857142858,0.07142857142857147,0.013888888888888892,-1,Chelsea,03/02/2024 15:00,03/02/2024 15:00
226,Everton,Spurs,0.0,0.6296296296296297,0.9166666666666667,0.7857142857142858,0.0,0.5771604938271606,1,Spurs,03/02/2024 15:00,03/02/2024 15:00
227,Man Utd,West Ham,0.45454545454545453,0.0,0.20833333333333331,0.5357142857142858,0.24350649350649353,0.0,-1,Man Utd,03/02/2024 15:00,03/02/2024 15:00
228,Newcastle,Luton,0.45454545454545453,0.14814814814814814,0.3157894736842105,0.7368421052631579,0.33492822966507174,0.04678362573099415,-1,Newcastle,03/02/2024 15:00,03/02/2024 15:00
229,Sheffield Utd,Aston Villa,0.21052631578947367,0.7894736842105263,0.2916666666666667,0.3214285714285716,0.06766917293233086,0.23026315789473686,1,Aston Villa,03/02/2024 15:00,03/02/2024 15:00
230,Aston Villa,Man Utd,0.3863636363636364,0.40740740740740733,0.4583333333333333,0.6071428571428572,0.23457792207792214,0.18672839506172836,-1,Aston Villa,10/02/2024 15:00,10/02/2024 15:00
231,Crystal Palace,Chelsea,0.11363636363636365,0.4814814814814815,0.2916666666666667,0.4285714285714288,0.04870129870129873,0.1404320987654321,-1,Crystal Palace,10/02/2024 15:00,10/02/2024 15:00
232,Fulham,Bournemouth,0.340909090909091,0.7037037037037036,0.25000000000000006,0.9642857142857144,0.3287337662337664,0.17592592592592593,-1,Fulham,10/02/2024 15:00,10/02/2024 15:00
233,Liverpool,Burnley,0.6818181818181819,0.2592592592592593,0.21052631578947367,0.47368421052631576,0.3229665071770335,0.05458089668615985,-1,Liverpool,10/02/2024 15:00,10/02/2024 15:00
234,Luton,Sheffield Utd,0.15789473684210525,0.3157894736842105,0.15789473684210525,0.7368421052631579,0.11634349030470913,0.04986149584487534,-1,Luton,10/02/2024 15:00,10/02/2024 15:00
235,Man City,Everton,1.0,0.2592592592592593,0.2916666666666667,0.5000000000000002,0.5000000000000002,0.0756172839506173,-1,Man City,10/02/2024 15:00,10/02/2024 15:00
236,Nottingham Forest,Newcastle,0.24999999999999994,0.5185185185185185,0.875,0.1071428571428572,0.026785714285714295,0.45370370370370366,1,Newcastle,10/02/2024 15:00,10/02/2024 15:00
237,Spurs,Brighton,0.47727272727272735,0.5555555555555556,1.0,0.5714285714285714,0.27272727272727276,0.5555555555555556,-1,Spurs,10/02/2024 15:00,10/02/2024 15:00
238,West Ham,Arsenal,0.22727272727272724,0.5185185185185185,1.0,0.07142857142857151,0.01623376623376625,0.5185185185185185,1,Arsenal,10/02/2024 15:00,10/02/2024 15:00
239,Wolves,Brentford,0.06818181818181818,0.37037037037037035,0.5,0.4285714285714288,0.029220779220779237,0.18518518518518517,-1,Wolves,10/02/2024 15:00,10/02/2024 15:00
240,Brentford,Liverpool,0.4318181818181817,0.2962962962962963,0.75,0.5000000000000002,0.21590909090909094,0.2222222222222222,-1,Brentford,17/02/2024 15:00,17/02/2024 15:00
241,Burnley,Arsenal,0.21052631578947367,0.8421052631578947,1.0,0.07142857142857151,0.015037593984962423,0.8421052631578947,1,Arsenal,17/02/2024 15:00,17/02/2024 15:00
242,Everton,Crystal Palace,0.0,0.6296296296296297,0.3333333333333333,0.3571428571428572,0.0,0.20987654320987653,1,Crystal Palace,17/02/2024 15:00,17/02/2024 15:00
243,Fulham,Aston Villa,0.340909090909091,0.7037037037037036,0.2916666666666667,0.3214285714285716,0.10957792207792218,0.2052469135802469,1,Aston Villa,17/02/2024 15:00,17/02/2024 15:00
244,Luton,Man Utd,0.15789473684210525,0.3157894736842105,0.4583333333333333,0.6071428571428572,0.09586466165413535,0.14473684210526314,-1,Luton,17/02/2024 15:00,17/02/2024 15:00
245,Man City,Chelsea,1.0,0.2592592592592593,0.2916666666666667,0.4285714285714288,0.4285714285714288,0.0756172839506173,-1,Man City,17/02/2024 15:00,17/02/2024 15:00
246,Newcastle,Bournemouth,0.45454545454545453,0.14814814814814814,0.25000000000000006,0.9642857142857144,0.4383116883116884,0.03703703703703704,-1,Newcastle,17/02/2024 15:00,17/02/2024 15:00
247,Nottingham Forest,West Ham,0.24999999999999994,0.5185185185185185,0.20833333333333331,0.5357142857142858,0.13392857142857142,0.10802469135802467,-1,Nottingham Forest,17/02/2024 15:00,17/02/2024 15:00
248,Sheffield Utd,Brighton,0.21052631578947367,0.7894736842105263,1.0,0.5714285714285714,0.12030075187969924,0.7894736842105263,1,Brighton,17/02/2024 15:00,17/02/2024 15:00
249,Spurs,Wolves,0.47727272727272735,0.5555555555555556,0.041666666666666685,0.7857142857142858,0.3750000000000001,0.02314814814814816,-1,Spurs,17/02/2024 15:00,17/02/2024 15:00
250,Arsenal,Newcastle,0.840909090909091,0.5555555555555556,0.875,0.1071428571428572,0.09009740259740266,0.48611111111111116,-1,Arsenal,24/02/2024 15:00,24/02/2024 15:00
251,Aston Villa,Nottingham Forest,0.3863636363636364,0.40740740740740733,0.0,1.0,0.3863636363636364,0.0,-1,Aston Villa,24/02/2024 15:00,24/02/2024 15:00
252,Bournemouth,Man City,0.09090909090909094,0.6666666666666666,0.9583333333333335,0.0,0.0,0.638888888888889,1,Man City,24/02/2024 15:00,24/02/2024 15:00
253,Brighton,Everton,0.47727272727272735,0.40740740740740733,0.2916666666666667,0.5000000000000002,0.23863636363636379,0.11882716049382715,-1,Brighton,24/02/2024 15:00,24/02/2024 15:00
254,Chelsea,Spurs,0.09090909090909094,0.33333333333333326,0.9166666666666667,0.7857142857142858,0.07142857142857147,0.3055555555555555,-1,Chelsea,24/02/2024 15:00,24/02/2024 15:00
255,Crystal Palace,Burnley,0.11363636363636365,0.4814814814814815,0.21052631578947367,0.47368421052631576,0.05382775119617225,0.10136452241715399,-1,Crystal Palace,24/02/2024 15:00,24/02/2024 15:00
256,Liverpool,Luton,0.6818181818181819,0.2592592592592593,0.3157894736842105,0.7368421052631579,0.5023923444976077,0.08187134502923978,-1,Liverpool,24/02/2024 15:00,24/02/2024 15:00
257,Man Utd,Fulham,0.45454545454545453,0.0,0.5416666666666667,0.2857142857142858,0.1298701298701299,0.0,-1,Man Utd,24/02/2024 15:00,24/02/2024 15:00
258,West Ham,Brentford,0.22727272727272724,0.5185185185185185,0.5,0.4285714285714288,0.09740259740259745,0.25925925925925924,-1,West Ham,24/02/2024 15:00,24/02/2024 15:00
259,Wolves,Sheffield Utd,0.06818181818181818,0.37037037037037035,0.15789473684210525,0.7368421052631579,0.05023923444976076,0.05847953216374269,-1,Wolves,24/02/2024 15:00,24/02/2024 15:00
260,Brentford,Chelsea,0.4318181818181817,0.2962962962962963,0.2916666666666667,0.4285714285714288,0.18506493506493513,0.08641975308641975,-1,Brentford,02/03/2024 15:00,02/03/2024 15:00
261,Burnley,Bournemouth,0.21052631578947367,0.8421052631578947,0.25000000000000006,0.9642857142857144,0.2030075187969925,0.21052631578947373,-1,Burnley,02/03/2024 15:00,02/03/2024 15:00
262,Everton,West Ham,0.0,0.6296296296296297,0.20833333333333331,0.5357142857142858,0.0,0.13117283950617284,1,West Ham,02/03/2024 15:00,02/03/2024 15:00
263,Fulham,Brighton,0.340909090909091,0.7037037037037036,1.0,0.5714285714285714,0.19480519480519484,0.7037037037037036,1,Brighton,02/03/2024 15:00,02/03/2024 15:00
264,Luton,Aston Villa,0.15789473684210525,0.3157894736842105,0.2916666666666667,0.3214285714285716,0.050751879699248145,0.09210526315789473,-1,Luton,02/03/2024 15:00,02/03/2024 15:00
265,Man City,Man Utd,1.0,0.2592592592592593,0.4583333333333333,0.6071428571428572,0.6071428571428572,0.11882716049382717,-1,Man City,02/03/2024 15:00,02/03/2024 15:00
266,Newcastle,Wolves,0.45454545454545453,0.14814814814814814,0.041666666666666685,0.7857142857142858,0.35714285714285715,0.006172839506172842,-1,Newcastle,02/03/2024 15:00,02/03/2024 15:00
267,Nottingham Forest,Liverpool,0.24999999999999994,0.5185185185185185,0.75,0.5000000000000002,0.12500000000000003,0.38888888888888884,1,Liverpool,02/03/2024 15:00,02/03/2024 15:00
268,Sheffield Utd,Arsenal,0.21052631578947367,0.7894736842105263,1.0,0.07142857142857151,0.015037593984962423,0.7894736842105263,1,Arsenal,02/03/2024 15:00,02/03/2024 15:00
269,Spurs,Crystal Palace,0.47727272727272735,0.5555555555555556,0.3333333333333333,0.3571428571428572,0.17045454545454553,0.18518518518518517,-1,Spurs,02/03/2024 15:00,02/03/2024 15:00
270,Arsenal,Brentford,0.840909090909091,0.5555555555555556,0.5,0.4285714285714288,0.36038961038961065,0.2777777777777778,-1,Arsenal,09/03/2024 15:00,09/03/2024 15:00
271,Aston Villa,Spurs,0.3863636363636364,0.40740740740740733,0.9166666666666667,0.7857142857142858,0.30357142857142866,0.37345679012345673,-1,Aston Villa,09/03/2024 15:00,09/03/2024 15:00
272,Bournemouth,Sheffield Utd,0.09090909090909094,0.6666666666666666,0.15789473684210525,0.7368421052631579,0.06698564593301437,0.10526315789473684,-1,Bournemouth,09/03/2024 15:00,09/03/2024 15:00
273,Brighton,Nottingham Forest,0.47727272727272735,0.40740740740740733,0.0,1.0,0.47727272727272735,0.0,-1,Brighton,09/03/2024 15:00,09/03/2024 15:00
274,Chelsea,Newcastle,0.09090909090909094,0.33333333333333326,0.875,0.1071428571428572,0.009740259740259749,0.29166666666666663,1,Newcastle,09/03/2024 15:00,09/03/2024 15:00
275,Crystal Palace,Luton,0.11363636363636365,0.4814814814814815,0.3157894736842105,0.7368421052631579,0.08373205741626795,0.15204678362573099,-1,Crystal Palace,09/03/2024 15:00,09/03/2024 15:00
276,Liverpool,Man City,0.6818181818181819,0.2592592592592593,0.9583333333333335,0.0,0.0,0.24845679012345687,-1,Liverpool,09/03/2024 15:00,09/03/2024 15:00
277,Man Utd,Everton,0.45454545454545453,0.0,0.2916666666666667,0.5000000000000002,0.22727272727272738,0.0,-1,Man Utd,09/03/2024 15:00,09/03/2024 15:00
278,West Ham,Burnley,0.22727272727272724,0.5185185185185185,0.21052631578947367,0.47368421052631576,0.10765550239234448,0.10916179337231968,-1,West Ham,09/03/2024 15:00,09/03/2024 15:00
279,Wolves,Fulham,0.06818181818181818,0.37037037037037035,0.5416666666666667,0.2857142857142858,0.019480519480519487,0.2006172839506173,1,Fulham,09/03/2024 15:00,09/03/2024 15:00
280,Arsenal,Chelsea,0.840909090909091,0.5555555555555556,0.2916666666666667,0.4285714285714288,0.36038961038961065,0.16203703703703706,-1,Arsenal,16/03/2024 15:00,16/03/2024 15:00
281,Brighton,Man City,0.47727272727272735,0.40740740740740733,0.9583333333333335,0.0,0.0,0.3904320987654321,1,Man City,16/03/2024 15:00,16/03/2024 15:00
282,Burnley,Brentford,0.21052631578947367,0.8421052631578947,0.5,0.4285714285714288,0.09022556390977449,0.42105263157894735,1,Brentford,16/03/2024 15:00,16/03/2024 15:00
283,Crystal Palace,Newcastle,0.11363636363636365,0.4814814814814815,0.875,0.1071428571428572,0.012175324675324683,0.42129629629629634,1,Newcastle,16/03/2024 15:00,16/03/2024 15:00
284,Everton,Liverpool,0.0,0.6296296296296297,0.75,0.5000000000000002,0.0,0.4722222222222222,1,Liverpool,16/03/2024 15:00,16/03/2024 15:00
285,Fulham,Spurs,0.340909090909091,0.7037037037037036,0.9166666666666667,0.7857142857142858,0.26785714285714296,0.6450617283950617,1,Spurs,16/03/2024 15:00,16/03/2024 15:00
286,Luton,Nottingham Forest,0.15789473684210525,0.3157894736842105,0.0,1.0,0.15789473684210525,0.0,-1,Luton,16/03/2024 15:00,16/03/2024 15:00
287,Man Utd,Sheffield Utd,0.45454545454545453,0.0,0.15789473684210525,0.7368421052631579,0.33492822966507174,0.0,-1,Man Utd,16/03/2024 15:00,16/03/2024 15:00
288,West Ham,Aston Villa,0.22727272727272724,0.5185185185185185,0.2916666666666667,0.3214285714285716,0.07305194805194809,0.15123456790123457,-1,West Ham,16/03/2024 15:00,16/03/2024 15:00
289,Wolves,Bournemouth,0.06818181818181818,0.37037037037037035,0.25000000000000006,0.9642857142857144,0.06574675324675325,0.0925925925925926,-1,Wolves,16/03/2024 15:00,16/03/2024 15:00
290,Aston Villa,Wolves,0.3863636363636364,0.40740740740740733,0.041666666666666685,0.7857142857142858,0.30357142857142866,0.016975308641975315,-1,Aston Villa,30/03/2024 15:00,30/03/2024 15:00
291,Bournemouth,Everton,0.09090909090909094,0.6666666666666666,0.2916666666666667,0.5000000000000002,0.04545454545454549,0.19444444444444445,1,Everton,30/03/2024 15:00,30/03/2024 15:00
292,Brentford,Man Utd,0.4318181818181817,0.2962962962962963,0.4583333333333333,0.6071428571428572,0.2621753246753246,0.13580246913580246,-1,Brentford,30/03/2024 15:00,30/03/2024 15:00
293,Chelsea,Burnley,0.09090909090909094,0.33333333333333326,0.21052631578947367,0.47368421052631576,0.04306220095693781,0.07017543859649121,-1,Chelsea,30/03/2024 15:00,30/03/2024 15:00
294,Liverpool,Brighton,0.6818181818181819,0.2592592592592593,1.0,0.5714285714285714,0.38961038961038963,0.2592592592592593,-1,Liverpool,30/03/2024 15:00,30/03/2024 15:00
295,Man City,Arsenal,1.0,0.2592592592592593,1.0,0.07142857142857151,0.07142857142857151,0.2592592592592593,-1,Man City,30/03/2024 15:00,30/03/2024 15:00
296,Newcastle,West Ham,0.45454545454545453,0.14814814814814814,0.20833333333333331,0.5357142857142858,0.24350649350649353,0.030864197530864192,-1,Newcastle,30/03/2024 15:00,30/03/2024 15:00
297,Nottingham Forest,Crystal Palace,0.24999999999999994,0.5185185185185185,0.3333333333333333,0.3571428571428572,0.08928571428571429,0.1728395061728395,-1,Nottingham Forest,30/03/2024 15:00,30/03/2024 15:00
298,Sheffield Utd,Fulham,0.21052631578947367,0.7894736842105263,0.5416666666666667,0.2857142857142858,0.06015037593984964,0.4276315789473685,1,Fulham,30/03/2024 15:00,30/03/2024 15:00
299,Spurs,Luton,0.47727272727272735,0.5555555555555556,0.3157894736842105,0.7368421052631579,0.3516746411483254,0.17543859649122806,-1,Spurs,30/03/2024 15:00,30/03/2024 15:00
300,Arsenal,Luton,0.840909090909091,0.5555555555555556,0.3157894736842105,0.7368421052631579,0.6196172248803828,0.17543859649122806,-1,Arsenal,02/04/2024 19:45,02/04/2024 19:45
301,Bournemouth,Crystal Palace,0.09090909090909094,0.6666666666666666,0.3333333333333333,0.3571428571428572,0.032467532467532485,0.2222222222222222,1,Crystal Palace,02/04/2024 19:45,02/04/2024 19:45
302,Brentford,Brighton,0.4318181818181817,0.2962962962962963,1.0,0.5714285714285714,0.24675324675324667,0.2962962962962963,-1,Brentford,02/04/2024 19:45,02/04/2024 19:45
303,Burnley,Wolves,0.21052631578947367,0.8421052631578947,0.041666666666666685,0.7857142857142858,0.16541353383458648,0.035087719298245626,-1,Burnley,02/04/2024 19:45,02/04/2024 19:45
304,Nottingham Forest,Fulham,0.24999999999999994,0.5185185185185185,0.5416666666666667,0.2857142857142858,0.07142857142857144,0.2808641975308642,1,Fulham,02/04/2024 19:45,02/04/2024 19:45
305,West Ham,Spurs,0.22727272727272724,0.5185185185185185,0.9166666666666667,0.7857142857142858,0.17857142857142858,0.47530864197530864,-1,West Ham,02/04/2024 19:45,02/04/2024 19:45
306,Chelsea,Man Utd,0.09090909090909094,0.33333333333333326,0.4583333333333333,0.6071428571428572,0.05519480519480522,0.15277777777777773,-1,Chelsea,03/04/2024 19:45,03/04/2024 19:45
307,Newcastle,Everton,0.45454545454545453,0.14814814814814814,0.2916666666666667,0.5000000000000002,0.22727272727272738,0.043209876543209874,-1,Newcastle,03/04/2024 19:45,03/04/2024 19:45
308,Liverpool,Sheffield Utd,0.6818181818181819,0.2592592592592593,0.15789473684210525,0.7368421052631579,0.5023923444976077,0.04093567251461989,-1,Liverpool,03/04/2024 20:00,03/04/2024 20:00
309,Man City,Aston Villa,1.0,0.2592592592592593,0.2916666666666667,0.3214285714285716,0.3214285714285716,0.0756172839506173,-1,Man City,03/04/2024 20:00,03/04/2024 20:00
310,Aston Villa,Brentford,0.3863636363636364,0.40740740740740733,0.5,0.4285714285714288,0.1655844155844157,0.20370370370370366,-1,Aston Villa,06/04/2024 15:00,06/04/2024 15:00
311,Brighton,Arsenal,0.47727272727272735,0.40740740740740733,1.0,0.07142857142857151,0.03409090909090914,0.40740740740740733,1,Arsenal,06/04/2024 15:00,06/04/2024 15:00
312,Crystal Palace,Man City,0.11363636363636365,0.4814814814814815,0.9583333333333335,0.0,0.0,0.46141975308641986,1,Man City,06/04/2024 15:00,06/04/2024 15:00
313,Everton,Burnley,0.0,0.6296296296296297,0.21052631578947367,0.47368421052631576,0.0,0.13255360623781676,1,Burnley,06/04/2024 15:00,06/04/2024 15:00
314,Fulham,Newcastle,0.340909090909091,0.7037037037037036,0.875,0.1071428571428572,0.03652597402597406,0.6157407407407407,1,Newcastle,06/04/2024 15:00,06/04/2024 15:00
315,Luton,Bournemouth,0.15789473684210525,0.3157894736842105,0.25000000000000006,0.9642857142857144,0.15225563909774437,0.07894736842105264,-1,Luton,06/04/2024 15:00,06/04/2024 15:00
316,Man Utd,Liverpool,0.45454545454545453,0.0,0.75,0.5000000000000002,0.22727272727272738,0.0,-1,Man Utd,06/04/2024 15:00,06/04/2024 15:00
317,Sheffield Utd,Chelsea,0.21052631578947367,0.7894736842105263,0.2916666666666667,0.4285714285714288,0.09022556390977449,0.23026315789473686,1,Chelsea,06/04/2024 15:00,06/04/2024 15:00
318,Spurs,Nottingham Forest,0.47727272727272735,0.5555555555555556,0.0,1.0,0.47727272727272735,0.0,-1,Spurs,06/04/2024 15:00,06/04/2024 15:00
319,Wolves,West Ham,0.06818181818181818,0.37037037037037035,0.20833333333333331,0.5357142857142858,0.03652597402597403,0.07716049382716049,-1,Wolves,06/04/2024 15:00,06/04/2024 15:00
320,Arsenal,Aston Villa,0.840909090909091,0.5555555555555556,0.2916666666666667,0.3214285714285716,0.270292207792208,0.16203703703703706,-1,Arsenal,13/04/2024 15:00,13/04/2024 15:00
321,Bournemouth,Man Utd,0.09090909090909094,0.6666666666666666,0.4583333333333333,0.6071428571428572,0.05519480519480522,0.3055555555555555,1,Man Utd,13/04/2024 15:00,13/04/2024 15:00
322,Brentford,Sheffield Utd,0.4318181818181817,0.2962962962962963,0.15789473684210525,0.7368421052631579,0.31818181818181807,0.04678362573099415,-1,Brentford,13/04/2024 15:00,13/04/2024 15:00
323,Burnley,Brighton,0.21052631578947367,0.8421052631578947,1.0,0.5714285714285714,0.12030075187969924,0.8421052631578947,1,Brighton,13/04/2024 15:00,13/04/2024 15:00
324,Chelsea,Everton,0.09090909090909094,0.33333333333333326,0.2916666666666667,0.5000000000000002,0.04545454545454549,0.09722222222222221,-1,Chelsea,13/04/2024 15:00,13/04/2024 15:00
325,Liverpool,Crystal Palace,0.6818181818181819,0.2592592592592593,0.3333333333333333,0.3571428571428572,0.24350649350649356,0.08641975308641976,-1,Liverpool,13/04/2024 15:00,13/04/2024 15:00
326,Man City,Luton,1.0,0.2592592592592593,0.3157894736842105,0.7368421052631579,0.7368421052631579,0.08187134502923978,-1,Man City,13/04/2024 15:00,13/04/2024 15:00
327,Newcastle,Spurs,0.45454545454545453,0.14814814814814814,0.9166666666666667,0.7857142857142858,0.35714285714285715,0.13580246913580246,-1,Newcastle,13/04/2024 15:00,13/04/2024 15:00
328,Nottingham Forest,Wolves,0.24999999999999994,0.5185185185185185,0.041666666666666685,0.7857142857142858,0.1964285714285714,0.021604938271604947,-1,Nottingham Forest,13/04/2024 15:00,13/04/2024 15:00
329,West Ham,Fulham,0.22727272727272724,0.5185185185185185,0.5416666666666667,0.2857142857142858,0.06493506493506494,0.2808641975308642,1,Fulham,13/04/2024 15:00,13/04/2024 15:00
330,Aston Villa,Bournemouth,0.3863636363636364,0.40740740740740733,0.25000000000000006,0.9642857142857144,0.37256493506493515,0.10185185185185186,-1,Aston Villa,20/04/2024 15:00,20/04/2024 15:00
331,Brighton,Chelsea,0.47727272727272735,0.40740740740740733,0.2916666666666667,0.4285714285714288,0.2045454545454547,0.11882716049382715,-1,Brighton,20/04/2024 15:00,20/04/2024 15:00
332,Crystal Palace,West Ham,0.11363636363636365,0.4814814814814815,0.20833333333333331,0.5357142857142858,0.06087662337662339,0.10030864197530864,-1,Crystal Palace,20/04/2024 15:00,20/04/2024 15:00
333,Everton,Nottingham Forest,0.0,0.6296296296296297,0.0,1.0,0.0,0.0,-1,Everton,20/04/2024 15:00,20/04/2024 15:00
334,Fulham,Liverpool,0.340909090909091,0.7037037037037036,0.75,0.5000000000000002,0.17045454545454558,0.5277777777777777,1,Liverpool,20/04/2024 15:00,20/04/2024 15:00
335,Luton,Brentford,0.15789473684210525,0.3157894736842105,0.5,0.4285714285714288,0.06766917293233086,0.15789473684210525,-1,Luton,20/04/2024 15:00,20/04/2024 15:00
336,Man Utd,Newcastle,0.45454545454545453,0.0,0.875,0.1071428571428572,0.04870129870129873,0.0,-1,Man Utd,20/04/2024 15:00,20/04/2024 15:00
337,Sheffield Utd,Burnley,0.21052631578947367,0.7894736842105263,0.21052631578947367,0.47368421052631576,0.09972299168975068,0.16620498614958448,1,Burnley,20/04/2024 15:00,20/04/2024 15:00
338,Spurs,Man City,0.47727272727272735,0.5555555555555556,0.9583333333333335,0.0,0.0,0.5324074074074076,1,Man City,20/04/2024 15:00,20/04/2024 15:00
339,Wolves,Arsenal,0.06818181818181818,0.37037037037037035,1.0,0.07142857142857151,0.004870129870129875,0.37037037037037035,1,Arsenal,20/04/2024 15:00,20/04/2024 15:00
340,Aston Villa,Chelsea,0.3863636363636364,0.40740740740740733,0.2916666666666667,0.4285714285714288,0.1655844155844157,0.11882716049382715,-1,Aston Villa,27/04/2024 15:00,27/04/2024 15:00
341,Bournemouth,Brighton,0.09090909090909094,0.6666666666666666,1.0,0.5714285714285714,0.051948051948051965,0.6666666666666666,1,Brighton,27/04/2024 15:00,27/04/2024 15:00
342,Everton,Brentford,0.0,0.6296296296296297,0.5,0.4285714285714288,0.0,0.3148148148148148,1,Brentford,27/04/2024 15:00,27/04/2024 15:00
343,Fulham,Crystal Palace,0.340909090909091,0.7037037037037036,0.3333333333333333,0.3571428571428572,0.12175324675324681,0.23456790123456786,1,Crystal Palace,27/04/2024 15:00,27/04/2024 15:00
344,Man Utd,Burnley,0.45454545454545453,0.0,0.21052631578947367,0.47368421052631576,0.21531100478468898,0.0,-1,Man Utd,27/04/2024 15:00,27/04/2024 15:00
345,Newcastle,Sheffield Utd,0.45454545454545453,0.14814814814814814,0.15789473684210525,0.7368421052631579,0.33492822966507174,0.023391812865497075,-1,Newcastle,27/04/2024 15:00,27/04/2024 15:00
346,Nottingham Forest,Man City,0.24999999999999994,0.5185185185185185,0.9583333333333335,0.0,0.0,0.4969135802469136,1,Man City,27/04/2024 15:00,27/04/2024 15:00
347,Spurs,Arsenal,0.47727272727272735,0.5555555555555556,1.0,0.07142857142857151,0.03409090909090914,0.5555555555555556,1,Arsenal,27/04/2024 15:00,27/04/2024 15:00
348,West Ham,Liverpool,0.22727272727272724,0.5185185185185185,0.75,0.5000000000000002,0.11363636363636367,0.38888888888888884,1,Liverpool,27/04/2024 15:00,27/04/2024 15:00
349,Wolves,Luton,0.06818181818181818,0.37037037037037035,0.3157894736842105,0.7368421052631579,0.05023923444976076,0.11695906432748537,-1,Wolves,27/04/2024 15:00,27/04/2024 15:00
350,Arsenal,Bournemouth,0.840909090909091,0.5555555555555556,0.25000000000000006,0.9642857142857144,0.8108766233766236,0.13888888888888892,-1,Arsenal,04/05/2024 15:00,04/05/2024 15:00
351,Brentford,Fulham,0.4318181818181817,0.2962962962962963,0.5416666666666667,0.2857142857142858,0.12337662337662339,0.16049382716049385,-1,Brentford,04/05/2024 15:00,04/05/2024 15:00
352,Brighton,Aston Villa,0.47727272727272735,0.40740740740740733,0.2916666666666667,0.3214285714285716,0.15340909090909102,0.11882716049382715,-1,Brighton,04/05/2024 15:00,04/05/2024 15:00
353,Burnley,Newcastle,0.21052631578947367,0.8421052631578947,0.875,0.1071428571428572,0.02255639097744362,0.7368421052631579,1,Newcastle,04/05/2024 15:00,04/05/2024 15:00
354,Chelsea,West Ham,0.09090909090909094,0.33333333333333326,0.20833333333333331,0.5357142857142858,0.048701298701298724,0.06944444444444442,-1,Chelsea,04/05/2024 15:00,04/05/2024 15:00
355,Crystal Palace,Man Utd,0.11363636363636365,0.4814814814814815,0.4583333333333333,0.6071428571428572,0.06899350649350651,0.22067901234567902,-1,Crystal Palace,04/05/2024 15:00,04/05/2024 15:00
356,Liverpool,Spurs,0.6818181818181819,0.2592592592592593,0.9166666666666667,0.7857142857142858,0.5357142857142858,0.23765432098765438,-1,Liverpool,04/05/2024 15:00,04/05/2024 15:00
357,Luton,Everton,0.15789473684210525,0.3157894736842105,0.2916666666666667,0.5000000000000002,0.07894736842105267,0.09210526315789473,-1,Luton,04/05/2024 15:00,04/05/2024 15:00
358,Man City,Wolves,1.0,0.2592592592592593,0.041666666666666685,0.7857142857142858,0.7857142857142858,0.010802469135802475,-1,Man City,04/05/2024 15:00,04/05/2024 15:00
359,Sheffield Utd,Nottingham Forest,0.21052631578947367,0.7894736842105263,0.0,1.0,0.21052631578947367,0.0,-1,Sheffield Utd,04/05/2024 15:00,04/05/2024 15:00
360,Aston Villa,Liverpool,0.3863636363636364,0.40740740740740733,0.75,0.5000000000000002,0.1931818181818183,0.30555555555555547,-1,Aston Villa,11/05/2024 15:00,11/05/2024 15:00
361,Bournemouth,Brentford,0.09090909090909094,0.6666666666666666,0.5,0.4285714285714288,0.038961038961038995,0.3333333333333333,1,Brentford,11/05/2024 15:00,11/05/2024 15:00
362,Everton,Sheffield Utd,0.0,0.6296296296296297,0.15789473684210525,0.7368421052631579,0.0,0.09941520467836257,-1,Everton,11/05/2024 15:00,11/05/2024 15:00
363,Fulham,Man City,0.340909090909091,0.7037037037037036,0.9583333333333335,0.0,0.0,0.6743827160493827,1,Man City,11/05/2024 15:00,11/05/2024 15:00
364,Man Utd,Arsenal,0.45454545454545453,0.0,1.0,0.07142857142857151,0.0324675324675325,0.0,-1,Man Utd,11/05/2024 15:00,11/05/2024 15:00
365,Newcastle,Brighton,0.45454545454545453,0.14814814814814814,1.0,0.5714285714285714,0.2597402597402597,0.14814814814814814,-1,Newcastle,11/05/2024 15:00,11/05/2024 15:00
366,Nottingham Forest,Chelsea,0.24999999999999994,0.5185185185185185,0.2916666666666667,0.4285714285714288,0.10714285714285718,0.15123456790123457,-1,Nottingham Forest,11/05/2024 15:00,11/05/2024 15:00
367,Spurs,Burnley,0.47727272727272735,0.5555555555555556,0.21052631578947367,0.47368421052631576,0.22607655502392346,0.11695906432748537,-1,Spurs,11/05/2024 15:00,11/05/2024 15:00
368,West Ham,Luton,0.22727272727272724,0.5185185185185185,0.3157894736842105,0.7368421052631579,0.16746411483253584,0.16374269005847952,-1,West Ham,11/05/2024 15:00,11/05/2024 15:00
369,Wolves,Crystal Palace,0.06818181818181818,0.37037037037037035,0.3333333333333333,0.3571428571428572,0.024350649350649352,0.12345679012345678,-1,Wolves,11/05/2024 15:00,11/05/2024 15:00
370,Arsenal,Everton,0.840909090909091,0.5555555555555556,0.2916666666666667,0.5000000000000002,0.4204545454545457,0.16203703703703706,-1,Arsenal,19/05/2024 16:00,19/05/2024 16:00
371,Brentford,Newcastle,0.4318181818181817,0.2962962962962963,0.875,0.1071428571428572,0.04626623376623378,0.25925925925925924,1,Newcastle,19/05/2024 16:00,19/05/2024 16:00
372,Brighton,Man Utd,0.47727272727272735,0.40740740740740733,0.4583333333333333,0.6071428571428572,0.28977272727272735,0.18672839506172836,-1,Brighton,19/05/2024 16:00,19/05/2024 16:00
373,Burnley,Nottingham Forest,0.21052631578947367,0.8421052631578947,0.0,1.0,0.21052631578947367,0.0,-1,Burnley,19/05/2024 16:00,19/05/2024 16:00
374,Chelsea,Bournemouth,0.09090909090909094,0.33333333333333326,0.25000000000000006,0.9642857142857144,0.0876623376623377,0.08333333333333333,-1,Chelsea,19/05/2024 16:00,19/05/2024 16:00
375,Crystal Palace,Aston Villa,0.11363636363636365,0.4814814814814815,0.2916666666666667,0.3214285714285716,0.03652597402597405,0.1404320987654321,-1,Crystal Palace,19/05/2024 16:00,19/05/2024 16:00
376,Liverpool,Wolves,0.6818181818181819,0.2592592592592593,0.041666666666666685,0.7857142857142858,0.5357142857142858,0.010802469135802475,-1,Liverpool,19/05/2024 16:00,19/05/2024 16:00
377,Luton,Fulham,0.15789473684210525,0.3157894736842105,0.5416666666666667,0.2857142857142858,0.04511278195488723,0.17105263157894737,-1,Luton,19/05/2024 16:00,19/05/2024 16:00
378,Man City,West Ham,1.0,0.2592592592592593,0.20833333333333331,0.5357142857142858,0.5357142857142858,0.05401234567901235,-1,Man City,19/05/2024 16:00,19/05/2024 16:00
379,Sheffield Utd,Spurs,0.21052631578947367,0.7894736842105263,0.9166666666666667,0.7857142857142858,0.16541353383458648,0.7236842105263158,1,Spurs,19/05/2024 16:00,19/05/2024 16:00
